<?xml version="1.0" encoding="UTF-8"?>
<project-private xmlns="http://www.netbeans.org/ns/project-private/1">
    <editor-bookmarks xmlns="http://www.netbeans.org/ns/editor-bookmarks/2" lastBookmarkId="0"/>
    <open-files xmlns="http://www.netbeans.org/ns/projectui-open-files/2">
        <group>
            <file>file:/E:/JAVACODE/Cilent/src/Screen.java</file>
            <file>file:/E:/JAVACODE/Cilent/src/Room.java</file>
            <file>file:/E:/JAVACODE/Cilent/src/Mob.java</file>
            <file>file:/E:/JAVACODE/Cilent/src/Boss.java</file>
            <file>file:/E:/JAVACODE/Cilent/src/KeyHandel.java</file>
            <file>file:/E:/JAVACODE/Cilent/src/Frame.java</file>
            <file>file:/E:/JAVACODE/Cilent/src/Block.java</file>
            <file>file:/E:/JAVACODE/Cilent/src/Store.java</file>
        </group>
    </open-files>
</project-private>
